url,title,description,content,author,date,extraction_method,domain,country,content_length,scraped_at
https://www.frihetskamp.no/elon-musk-saksokt-for-twitter-oppkjopet/,Elon Musk saksøkt for Twitter-oppkjøpet,,"ØKONOMISK KRIMINALITET Tirsdag anla det amerikanske finanstilsynet SEC søksmål mot Tesla-gründeren. Tilsynet hevder Musk unnlot å rapportere sin betydelige aksjeandel i Twitter før han gjennomførte et større oppkjøp, angivelig for å holde aksjekursen kunstig lav.
Da Elon Musk kjøpte aksjer i meldingsappen Twitter i 2022, gjorde han det, ifølge den amerikanske finansmyndigheten SECs søksmål, for å «på eget initiativ forårsaket kunstig lave priser». SEC hevder at de 44 milliardene dollar han betalte var minst 150 millioner dollar for lite.
Før sitt store oppkjøp hadde Musk bygget opp en eierandel på over 5 %, noe som ifølge reglene krever at man rapporterer beholdningen offentlig innen ti kalenderdager etter at denne terskelen er nådd.
I søksmålet, som er innlevert til en føderal domstol i Washington D.C., påpekes det at Musk var mer enn ti dager forsinket med å rapportere denne vesentlige informasjonen, noe som «gjorde det mulig for ham å betale minst 150 millioner dollar mindre for aksjene han kjøpte etter at rapporteringsplikten inntrådte». SEC argumenterer for at investorer kunne ha budt opp aksjekursen hvis de hadde kjent til Musks andel og interesse for selskapet.
Musk og advokat avviser SEC-anklager som grunnløse
Musks advokat Alex Spiro kommenterte tirsdag i en e-post at SECs handling i praksis er en innrømmelse av at «de ikke er i stand til å føre en reell sak» og kalte søksmålet for en «bløff» og resultatet av en «flere år lang trakasseringskampanje som kulminerte i en enkelt triviell anklage».
I et innlegg på X etter at søksmålet ble innlevert, beskriver Musk SEC som «en ødelagt organisasjon som fokuserer på slikt tull når det finnes så mange uløste virkelige forbrytelser».
Totally broken organization.
— Elon Musk (@elonmusk) January 15, 2025
They spend their time on shit like this when there are so many actual crimes that go unpunished.",Av Redaksjonen,2025-01-15T00:00:00.000000,trafilatura,www.frihetskamp.no,norway,,
https://www.nyatider.nu/skribent/klaus-bernpainter/,Klaus Bernpainter - NyaTider.se,"Julen är en underbar högtid. Vår germanska jultradition, som blandar både hedniskt och kristet, är mycket rikare och djupare än dagens urspårade julhandel och Coca Cola-tomtar. När vi för traditioner vidare till våra barn, rustar vi våra efterkommande med livsuppehållande värderingar. Men för att denna tradering ska inträffa räcker det inte med att bara fira traditionerna. Vi behöver även förklara deras sanna innebörd. Bara på det sättet kan vår civilisation blomstra igen. Det menar civilingenjör Klaus Bernpaintner i veckans opinionsartikel.","Klaus Bernpainter
Artiklar av Klaus Bernpainter
Traditionens betydelse
🟠 JULKRÖNIKA Julen är en underbar högtid. Vår germanska jultradition, som blandar både hedniskt och kristet, är mycket rikare och djupare än dagens urspårade julhandel och Coca Cola-tomtar. När vi för traditioner vidare till våra barn, rustar vi våra efterkommande med livsuppehållande värderingar. Men för att denna tradering ska inträffa räcker det inte med att bara fira traditionerna. Vi behöver även förklara deras sanna innebörd. Bara på det sättet kan vår civilisation blomstra igen. Det menar civilingenjör Klaus Bernpaintner i veckans opinionsartikel.
Storskaligt är progressivt, lokalt är konservativt
🟠 Regeringsformen börjar: ”All offentlig makt i Sverige utgår från folket... Den förverkligas genom ett representativt och parlamentariskt statsskick och genom kommunalt självstyre.” Om det där med kommunalt självstyre verkligen vore sant skulle Sverige varit i mycket bättre skick än i dag. Det argumenterar Klaus Bernpaintner för i veckans debattartikel.
Nyhetsdygnet
Senaste numret
Nya Tiders nyhetsbrev!",Klaus Bernpainter,2023-12-21T00:00:00.000000,trafilatura,nyatider.nu,sweden,,
https://www.document.no/2012/11/12/og-hva-minner-israel-boikotten-om/,Og hva minner Israel-boikotten om?,,"Israelske musikere og dansere får sine forestillinger i Europa og USA forstyrret/ødelagt. Hvorfor er det ingen som drømmer om å gjøre det samme mot andre?
Logg inn for å lese videre (abonnenter).
Støtt Norges viktigste uavhengige medium!
Bli abonnentPluss-artikler blir åpnet 48 timer etter publisering. Artikler som er eldre enn to år er forbeholdt abonnenter.",Hans Rustad,2012-11-12T00:00:00.000000,trafilatura,www.document.no,norway,,
https://samnytt.se/vatikanen-ramadan-ar-viktigt-for-kristna-ocksa/,Vatikanen: Ramadan är viktigt för kristna också » Samnytt,Samnytt - ocensurerade nyheter. Samnytt rapporterar om det som gammelmedia döljer.,"I samband med att den muslimska fastemånaden inleddes i förra veckan gick Vatikanen ut och hävdade att ramadanmånaden är viktig inte bara för muslimer, utan också för troende från andra religioner, “i synnerhet kristna”.
I ett meddelande om lyckönskningar till muslimer runt om i världen sa Vatikanens avdelning för interreligiös dialog att under månaden ramadan förstärks befintliga vänskapsband och andra byggs upp, “banar väg för mer fredlig, harmonisk och glädjefylld samexistens”.
“Detta motsvarar den gudomliga viljan för våra samhällen, och faktiskt för alla medlemmar och samhällen i den enda mänskliga familjen”, lyder texten som publicerades av Vatikanen på fredagen.
Sådan fredlig och vänlig samexistens hotas av “extremism, radikalism, polemik, dispyter och religiöst motiverat våld”, förklarar budskapet, och dessa hot “drivs av en hatkultur”.
LÄS ÄVEN: Påven välkomnar illegala invandrare: ”Europa skapades av migranter”
En sådan kultur måste motverkas och övervinnas genom att i stället “förstärka kärlek och vänskap, särskilt mellan muslimer och kristna, på grund av de band som förenar oss”, hävdar Vatikankontoret.
Även om olikheter kan uppfattas som ett hot får vi inte ignorera eller glömma det vi har gemensamt, fortsätter budskapet.
Detta innebär att övervinna negativa attityder till dem som skiljer sig från oss som “misstanke, rädsla, rivalitet, diskriminering, utanförskap, förföljelse, polemik, förolämpningar och baktal”, står det i meddelandet.
Hat i sociala medier
Vidare hävdas att sociala medieplattformar är “vanliga utrymmen för sådana skadliga beteenden” och på så sätt förvränger deras roll som medel för kommunikation och vänskap till att “vara instrument för fiendskap och strid”.
Det som i stället behövs är ”respekt, godhet, välgörenhet, vänskap, ömsesidig omsorg för alla, förlåtelse, samarbete för det gemensamma bästa, hjälp till alla som är i någon form av nöd och omsorg om miljön”, står det i texten.
LÄS ÄVEN: Påven: Tredje världskriget är här","",2023-03-28T00:00:00.000000,trafilatura,samnytt.se,sweden,,
http://24nyt.dk/vil-ikke-stoede-muslimske-elever/,Vil ikke støde muslimske elever - 24NYT,Del gerne artiken! 24NYT – Danmarks borgerlige netavis,"Vil ikke støde muslimske elever 12. december 2022 24NYT ab, Nyheder Kommentarer lukket til Vil ikke støde muslimske elever Vi ville gerne tilbyde hele avisen GRATIS! Men det er dyrt at udgive 24NYT, og derfor håber vi, at du vil støtte os med et abonnement. Medlemmer bedes klikke Login. VÆLG VORES FORETRUKNE ABONNEMENT: ________________________19,-/ugeMindstepris 989,-________________________ Adgang til arkivet Avisen leveret på mail Ingen reklamer Adgang til alle artikler________________________Min. abonnementsperiode: 1 år kun 989kr. pr. årSpar 1560 kr. Skriv din mening (Du skal være logget på Facebook)","",2022-12-12T00:00:00.000000,trafilatura,24nyt.dk,denmark,,
http://24nyt.dk/israel-og-eu-indgaar-en-gasaftale/,Israel og EU indgår en gasaftale - 24NYT,Del gerne artiken! 24NYT – Danmarks borgerlige netavis,"EU ventes onsdag at indgå en aftale om levering af gas fra Israel. Det skal efter planen ske ved en energikonference i den egyptiske hovedstad, Kairo. Det oplyser Reuters.
EU anser Israel som et god ny gaskilde, på et tidspunkt hvor unionen forsøger at gøre sig uafhængig af gas fra Rusland. Aftalen indebærer, at Israel vil eksportere en “betragtelig” mængde gas til Europa via Egypten.","",2022-06-15T00:00:00.000000,trafilatura,24nyt.dk,denmark,,
https://nyadagbladet.se/utrikes/svensk-fn-medarbetare-avstangd-avslojade-sexuella-overgrepp/,Svensk FN-medarbetare avstängd – avslöjade sexuella övergrepp,Läckte information om FN-soldaters sexuella övergrepp. Den svenske FN-medarbetaren Anders Kompass har stängts av efter han läckt en känslig rapport.,"Den svenske FN-medarbetaren Anders Kompass har stängts av för att ha larmat till åklagare om sexuella övergrepp, som begicks av FN-trupper i Centralafrikanska republiken.
Anders Kompass är en högt uppsatt biståndsarbetare för FN, som i över 30 år har varit involverad i FN:s biståndsarbete.
Nu har han stängts av sedan han valt att läcka en intern rapport om hur FN:s franska fredsbevarande styrkor utförde sexuella övergrepp på barn i Centralafrikanska republiken, uppger källor till den brittiska dagstidningen The Guardian.
Den sekretessbelagda rapporten läcktes till franska åklagare på grund av ”FN:s ovilja att försöka stoppa övergreppen”, skriver The Guardian.
Några av de fall som tas upp i rapporten handlar om hur nio franska soldater tillhörande FN:s fredsbevarande styrkor har våldtagit barn, från 9 år och uppåt, i utbyte för mat och pengar, under 2014.
Sommaren 2014 gavs rapporten till FN:s kommission för mänskliga rättigheter i Genève. När ingenting hade hänt valde då Anders Kompass, som är stationerad i Genève, att ge den hemligstämplade rapporten till den franska åklagarmyndigheten.
FN har bekräftat för The Guardian att man håller på med en utredning av en anställd.",Osignerad,2015-04-29T00:00:00.000000,trafilatura,nyadagbladet.se,sweden,,
https://www.document.no/2022/10/10/nord-korea-hevder-rakettester-var-atomovelser/,Nord-Korea hevder rakettester var atomøvelser,,"De sju rakettestene som Nord-Korea har gjennomført den siste tiden, var øvelser for bruk av taktiske atomvåpen, hevder landets myndigheter.
Logg inn for å lese videre (abonnenter).
Støtt Norges viktigste uavhengige medium!
Bli abonnentPluss-artikler blir åpnet 48 timer etter publisering. Artikler som er eldre enn to år er forbeholdt abonnenter.",Peder Jensen,2022-10-10T00:00:00.000000,trafilatura,www.document.no,norway,,
https://bulletin.nu/lidstrom-vi-har-en-moralisk-skyldighet-att-lagga-ner-sida,Lidström: Vi har en moralisk skyldighet att lägga ner Sida,,"Lidström: Vi har en moralisk skyldighet att lägga ner Sida
Biståndsminister Benjamin Dousa borde lägga ner biståndsmyndigheten Sida skriver Erik Lidström. Foto: Henrik Montgomery/TT
Sveriges biståndspolitik har aldrig fungerat och kan aldrig fås att fungera. Istället förstör den för de fattiga i världen och bör avvecklas omgående, skriver Erik Lidström.
Varför existerar Sida? Det instinktiva svaret verkar vara att vi i Sverige är rika, andra är fattiga, och vi har en moralisk skyldighet att hjälpa människor i nöd.",Erik Lidström,2025-02-11,,,sweden,519,2025-09-05T21:43:24.528475
https://www.document.no/2006/12/22/franz_marc/,Franz Marc,,"Franz Marc: Tierschicksale (dyreskjebner) Marc var født 1880 og døde ved Verdun i 1916..
Logg inn for å lese videre (abonnenter).
Støtt Norges viktigste uavhengige medium!
Bli abonnentPluss-artikler blir åpnet 48 timer etter publisering. Artikler som er eldre enn to år er forbeholdt abonnenter.",Hans Rustad,2006-12-22T00:00:00.000000,trafilatura,www.document.no,norway,,
https://www.document.no/2019/07/28/det-kanns-som-det-har-aldrig-kommer-ta-slut/,– Det känns som det här aldrig kommer ta slut,,"En barnefamilie måtte flykte over balkongen da nok en bombe eksploderte i Rosengård i Malmö. Bomben blåste ut hele inngangen og skadet store deler av fasaden samt at mange av vinduene ble ødelagt. Blokken hvor bomben ble sprengt ligger ved siden en barnehage og en lekeplass. En av de som ble skremt av bomben var […]
Logg inn for å lese videre (abonnenter).
Støtt Norges viktigste uavhengige medium!
Bli abonnentPluss-artikler blir åpnet 48 timer etter publisering. Artikler som er eldre enn to år er forbeholdt abonnenter.",Hanne Tolg,2019-07-28T00:00:00.000000,trafilatura,www.document.no,norway,,
https://180grader.dk/artikel/er-pia-kjaersgaard-trendy-og-paa-forkant-flere-kvinder-baerer-vaaben-i-natten,Er Pia Kjærsgaard trendy og på forkant ? - Flere kvinder bærer våben i natten,"Pigerne medbringer blandt andet strømpistoler, knive og pebersprayer eller redskaber som nøgler, skruetrækkere og hårspraydåser","Pigerne medbringer blandt andet strømpistoler, knive og pebersprayer eller redskaber som nøgler, skruetrækkere og hårspraydåser. Og det ryster politiet.
Nyheden er fra sen fredag aften, så den massive stilhed fra venstrefløjens moralkor skyldes måske sommerferien og heden.
Nyheden er fra sen fredag aften, så den massive stilhed fra venstrefløjens moralkor skyldes måske sommerferien og heden.",Ikke angivet Ikke angivet,2010-07-25T00:00:00.000000,trafilatura,180grader.dk,denmark,,
https://nyheteridag.se/misstankt-fynd-av-manskliga-kvarlevor-vid-skanska-kusten/,Misstänkt fynd vid skånska kusten kommer inte från en människa - Nyheter Idag,HÖLLVIKEN Ett misstänkt fynd av mänskliga kvarlevor gjordes under dagen utanför Höllviken i sydligaste Skåne. Efter undersökning står det nu klart att det påträffade föremålet inte kommer från en människa. Polisen skriver på sin hemsida att man fick ett samtal från en person klockan 11:38 idag. Ett föremål hade då hittats vid strandkanten i Höllviken,"Misstänkt fynd vid skånska kusten kommer inte från en människa
HÖLLVIKEN Ett misstänkt fynd av mänskliga kvarlevor gjordes under dagen utanför Höllviken i sydligaste Skåne. Efter undersökning står det nu klart att det påträffade föremålet inte kommer från en människa.
Polisen skriver på sin hemsida att man fick ett samtal från en person klockan 11:38 idag. Ett föremål hade då hittats vid strandkanten i Höllviken som man misstänkte var en mänsklig kvarleva.
– Det är någonting som har med kött att göra av något slag och med tanke på det ärende som funnits aktuellt sedan förra veckan så drar man direkt kopplingar och tänker att det kan komma från en människa, säger Åsa Emanuelsson på Skånepolisen till Nyheter Idag.
Området vid stranden spärrades av och enligt Emanuelsson drog polis och räddningstjänst igång en större insats med bland annat båt, dykare och helikopter för att söka av området. Kriminaltekniker skickades till platsen och det påträffade föremålet skickades till rättsläkare för undersökning.
Det fanns alltså misstankar om att det påträffade fyndet är en del av den svenska journalisten Kim Walls kropp. Hennes torso hittades i måndags vid strandkanten utanför den danska ön Amager nära huvudstaden Köpenhamn. Polisen i Danmark informerades därför om fyndet.
– Det är ganska naturligt att man informerar dansk polis i ett sådant ärende eftersom de arbetar med det just nu, säger Åsa Emanuelsson.
Klockan 20:36 meddelade emellertid polisen att fyndet inte är en mänsklig kvarleva.
”Efter kriminalteknisk undersökning av det anträffade fyndet, har det konstaterats att det inte är en mänsklig kroppsdel som anträffats. Inga ytterligare fynd har gjorts vid platsen. Avspärrningarna är hävda. Ingen misstanke om brott”, skriver polisen i en uppdatering på sin hemsida.",Mattias Albinsson,2017-08-24T00:00:00.000000,trafilatura,nyheteridag.se,sweden,,
https://ledarsidorna.se/plus/den-franska-identitetskrisen/,Den franska identitetskrisen,"","Den franska identitetskrisen
Plus Denna artikel behöver PLUS
Missa inte våra fördjupande reportage och extramaterial i våra avslöjanden. Med Plus får du tillgång till alla artiklar, bilder och videoklipp. Glöm inte att med fler prenumeranter kan vi satsa ännu mer på relevant journalistik.",Chris Forsne,2025-01-01T00:00:00.000000,trafilatura,ledarsidorna.se,sweden,,
https://180grader.dk/artikel/iraners-sag-om-tlt-ophold-sr-tvivl-om-tuneserloven,Iraners sag om tålt ophold sår tvivl om tuneserloven,af Morten Bjerg En sag af yderst principielt karakter blev afgjort 1,"af Morten Bjerg
En sag af yderst principielt karakter blev afgjort 1. juni i Højesteret, da iraneren Elias Karkavandi vandt en sag om krænkelse af hans basale rettigheder med reglerne for tålt ophold i Danmark.
Elias Karkavandi blev dømt 1 år og seks måneders fængsel for at stå vagt for pusherne på Christiania. Han blev efterfølgende dømt efter den såkaldte Tuneserlov, et makværk der meget forhastet og i en panisk stemning blev indført i 2008 af den daværende regering og Dansk Folkeparti, fordi en tuneser var mistænkt for mordplaner på muhammedtegneren Kurt Westergaard, samtidig med at han boede 10 minutters gang fra tegnerens bopæl.
Reglerne for tålt ophold indebærer blandt andet at man skal møde på Sandholmlejren hver dag og møde hos politiet 3 gange om ugen. I sagen Elias Karkavandi vurderede Højesteret, at i hans tilfælde er det at gå for langt og er det en indskrænkelse af hans bevægelsesfrihed med den omfattende kontrol målt med forbrydelsens omfang.",Podia Ikke angivet,2012-06-03T00:00:00.000000,trafilatura,180grader.dk,denmark,,
https://nyheteridag.se/lindberg-rasar-nar-regeringen-ska-stoppa-s-lotterier-angrepp-pa-grundlaggande-demokratiska-principer/,Lindberg rasar när regeringen ska stoppa S-lotterier: ”Angrepp på grundläggande demokratiska principer” - Nyheter Idag,"Aftonbladets politiska chefredaktör Anders Lindberg anklagar regeringen för att angripa ""grundläggande demokratiska principer"" när man utreder ett förbud mot lotteriverksamhet kopplad till politiska partier. Bakgrunden är att de så kallade A-lotterierna, där Kombilotteriet, Femman och Glädjelotten ingåår, är Socialdemokraternas främsta kassako. År 2021 tjänade partiet hela 152 miljoner kronor på lotteriverksamhet, vilket var nära hälften av partiets","Lindberg rasar när regeringen ska stoppa S-lotterier: ”Angrepp på grundläggande demokratiska principer”
Aftonbladets politiska chefredaktör Anders Lindberg anklagar regeringen för att angripa ”grundläggande demokratiska principer” när man utreder ett förbud mot lotteriverksamhet kopplad till politiska partier.
Bakgrunden är att de så kallade A-lotterierna, där Kombilotteriet, Femman och Glädjelotten ingåår, är Socialdemokraternas främsta kassako. År 2021 tjänade partiet hela 152 miljoner kronor på lotteriverksamhet, vilket var nära hälften av partiets samlade inkomster på 340 miljoner kronor för året.
Socialdemokraternas lotteriverksamhet gav partiet den i särklass största valbudgeten inför 2022 års val. Som en jämförelse hade Moderaterna under 2021 inkomster på 136 miljoner, av vilka 9 miljoner kronor kom från lotteriförsäljning.
Läs även: Regeringen ska stoppa sosselotterier
Enligt källor till Expressen har initiativet till en utredning om att förbjuda partipolitiska lotterier tagits av Sverigedemokraterna, men det ska finnas en samsyn bland regeringspartierna om att ta fram ett förslag.
Det hela motiveras med att det är olämpligt att partier bedriver lotteriverksamhet med tanke på spelandets negativa konsekvenser, samtidigt som spelintäkterna inte lever upp till kravet på transparens i partifinansieringen, eftersom man inte vet vem som köper lotterna.
Det hela får emellertid Aftonbladets politiska chefredaktör Anders Lindberg att gå i taket. ”Nu börjar regeringen använda statsmakten för att förstöra oppositionens organisationer och finansiering. Det här är väldigt långt från Sveriges demokratiska traditioner” skriver han i en kommentar på Twitter.
Nu börjar regeringen använda statsmakten för att förstöra oppositionens organisationer och finansiering.
Det här är väldigt långt från Sveriges demokratiska traditioner.https://t.co/PYg7ljte9k
— Anders Lindberg (@anderslindberg) April 28, 2023
Lindberg skriver vidare att han väntar sig ”fler angrepp på grundläggande demokratiska principer. Men det här ganska unikt: ett riktat försök från staten att första ett specifikt partis partiorganisation.”
Antar att detta var väntat, det kommer säkert fler angrepp på grundläggande demokratiska principer.
Men det här ganska unikt: ett riktat försök från staten att första ett specifikt partis partiorganisation.
— Anders Lindberg (@anderslindberg) April 28, 2023
Lindbergs inlägg står emellertid inte oemotsagt. Statsvetaren Teodor Koistinen påminner om tidigare rapportering av hur de socialdemokratiska lotterierna gått till.
""grundläggande demokratiska principer""https://t.co/bC7GbUGpJv
— Teodor Koistinen (@TeodorKoistinen) April 28, 2023
""oppositionens organisationer och finansiering"" pic.twitter.com/6LBuaEHj5z
— Teodor Koistinen (@TeodorKoistinen) April 28, 2023
”Sossarna har riggat systemet och kommit undan lagar och regler genom att klassa sina lotter som samhällsnyttiga, och därmed kunnat sälja lotter på kredit” skriver Susanna Silfverskiöld, politiskt sakkunnig på Statsrådsberedningen.
Aftonbladets Anders Lindberg menar att regeringen ”använder statsmakten för att förstöra oppositionens finansiering”. Snälla. Sossarna har riggat systemet och kommit undan lagar och regler genom att klassa sina lotter som samhällsnyttiga, och därmed kunnat sälja lotter på kredit.
— Susanna Silfverskiöld (@susannasilfver) April 28, 2023
Hanif Bali menar att ett eventuellt bortfall av inkomsterna från lotterierna kommer ”slå mycket hårdare än vad ni tror” mot Socialdemokraterna.
När S blir av med sina lotterinkomster kommer det slå mycket hårdare än vad ni tror. I och med att sossarna alltid har badat i pengar så har de en extremt svullen organisation. Sossarna kan inte kopiera ett flygblad utan en stab av heltidsanställda ombudsmän.
Stålbad incoming.
— Hanif Bali (@hanifbali) April 28, 2023
”Socialdemokratiska opinionsbildares försvar av a-lotteriet är naturligtvis enbart ett uttryck för en genuin och välgrundad oro över den svenska demokratins framtid och har absolut ingenting med det egna partiet att göra” skriver Timbros Andres Johansson Heinö.
socialdemokratiska opinionsbildares försvar av a-lotteriet är naturligtvis enbart ett uttryck för en genuin och välgrundad oro över den svenska demokratins framtid och har absolut ingenting med det egna partiet att göra
— Andreas Johansson Heinö (@JohanssonHeino) April 28, 2023
Bawar Kim Ismail, som är politiskt sakkunnig hos arbetsmarknads- och integrationsminister Johan Pehrson (L), menar att det är ”osvenskt med partilotteri som skuldsätter redan skuldsatta människor och driver dem till Kronofogden”.
Osvenskt med partilotteri som skuldsätter redan skuldsatta människor och driver dem till Kronofogden. Bra att regeringen vill åtgärda detta nu.https://t.co/322BrOFkr7
— Bawar Kim Ismail (@thelemoncurd) April 28, 2023
Youtubern och krönikören Henrik Jönsson menar att ett förbud mot ”socialdemokraternas oetiska lotto-kassako” är ”en moralisk, ekonomisk och kulturell seger för Sveriges demokrati!”.
Regeringen slaktar socialdemokraternas oetiska lotto-kassako. Detta är en moralisk, ekonomisk och kulturell seger för Sveriges demokrati! pic.twitter.com/EYO52iKV3d
— Henrik Jönsson (@jonsson_henrik) April 28, 2023
Läs även: Anders Lindbergs varning: Då kommer Kristersson få sitta i åtta år
Läs även: Lindberg om att Strandhäll drar ned på twittrandet: ”Större demokratiskt problem”",Johannes Nilsson,2023-04-28T00:00:00.000000,trafilatura,nyheteridag.se,sweden,,
https://nyadagbladet.se/inrikes/forsvarsmakten-behover-miljontals-dronare/attachment/jonny-lindfords-dronare7/,Jonny-Lindfords-drönare7 – Nya Dagbladet,,"https://www.istockphoto.com/se/foto/military-drone-attack-on-oil-refinery-oil-depot-fire-explosions-and-fire-gm2148608118-569775238
https://nyadagbladet.se/inrikes/forsvarsmakten-behover-miljontals-dronare/attachment/jonny-lindfords-dronare7/
https://www.istockphoto.com/se/foto/military-drone-attack-on-oil-refinery-oil-depot-fire-explosions-and-fire-gm2148608118-569775238",– Av Christer Skog,2025-04-04,,,sweden,374,2025-09-05T22:16:15.205697
https://swebbtv.se/a/gabriel_ekman/video-channels,Gabriel Ekman,Svensk Webbtelevision är ett medborgarfinansierat initiativ för att skapa en regelbunden och allsidig nyhets- och informationsförmedling som ger uttryck för ett breddat utbud av ämnen och perspektiv samt granskning av för demokratin grundläggande skeenden. Därför tror vi på en fri och öppen debatt där olika åsikter får komma till uttryck.,"PeerTube
Incompatible browser
We are sorry but it seems that PeerTube is not compatible with your web browser.
Please try with the latest version of Mozilla Firefox.
If you think this is a mistake, please report it.","",2021-02-10T00:00:00.000000,trafilatura,swebbtv.se,sweden,,
https://www.document.no/2024/10/28/iran-truer-med-massiv-gjengjeldelse-mot-israel/,Iran truer med massiv gjengjeldelse mot Israel,,"Lederen for Irans Revolusjonsgarde sa mandag at Israel hadde «mislyktes i å oppnå sine illevarslende mål» med lørdagens angrep på iranske militæranlegg.
Nå lover Revolusjonsgardens sjef, general Hossein Salami, massiv gjengjeldelse etter at Israel var frekke nok til å besvare Irans missilangrep 1. oktober.
Salami anser Israels motangrep som et tegn på «feilberegning og hjelpeløshet» i Israels kamp mot den Iran-støttede terrorgruppen Hizbollah i Libanon og Hamas på Gaza-stripen, ifølge Times of Israel, som viser til Tasnim nyhetsbyrå.
«De bitre konsekvensene vil være ufattelige» for Israel, advarte Salami ifølge Tasnim.
Talsmannen for Irans utenriksdepartement, Esmaeil Baghaei, advarte om at Teheran ville bruke «alle tilgjengelige verktøy» for å svare på Israels angrep.
Irans allierte reagerer på at Israel våger å forsvare seg. En talsmann for den irakiske regjeringen sa mandag at Bagdad hadde klaget til FN over den påståtte bruken av irakisk luftrom for å gjennomføre angrepene.
Den Iran-støttede Kataeb Hizbollah-gruppen i Irak fordømte bruken av irakisk luftrom som en «farlig presedens» og beskyldte USA for å være medskyldig i angrepet. Irak advarte om at det ville komme et svar på «aggresjonen».
Dette er en terrorgruppe som har utført en rekke droneangrep mot Israel, noe de absolutt ikke nekter for.
Irans øverste leder, ayatollah Ali Khamenei, sa søndag at angrepet «verken bør overdrives eller bagatelliseres», men hevdet at Israel i sin beslutning om å gjengjelde Irans angrep hadde undervurdert «det iranske folkets makt, initiativ og besluttsomhet».
Usensurerte nyheter. Abonner på frie og uavhengige Document.",Erling Marthinsen,2024-10-28T00:00:00.000000,trafilatura,www.document.no,norway,,
https://180grader.dk/artikel/politiet-tilbyder-en-100-000-euro-dusr-for-tuneseren-amri-afvist-asyiansger,Politiet tilbyder en 100.000 Euro dusør for tuneseren Amri - Afvist asyIansøger,"m Auftrag des Generalbundesanwalts wurde der 24-jährige Tunesier Anis Amri zur öffentlichen Fahndung ausgeschrieben, teilte die Karlsruher Behörde ...","m Auftrag des Generalbundesanwalts wurde der 24-jährige Tunesier Anis Amri zur öffentlichen Fahndung ausgeschrieben, teilte die Karlsruher Behörde am Mittwoch mit.
Das Bundeskriminalamt setzt eine Belohnung von bis zu 100.000 Euro für Hinweise aus, die zur Ergreifung des 24-Jährigen führen, wie die Bundesanwaltschaft am Abend mitteilte.",Ikke angivet Ikke angivet,2016-12-21T00:00:00.000000,trafilatura,180grader.dk,denmark,,
https://tidningensyre.se/newsletter/syre-kvall-5-februari-2/,Jimmie och Erdogan fick som de ville – Sveriges kurdiska röst tystas,"","Jimmie och Erdogan fick som de ville – Sveriges kurdiska röst tystas
Jimmie och Erdogan fick som de ville – Sveriges kurdiska röst tystas
Glöd
– Krönika
| Grattis till Jimmieregeringen och Erdogan! Härligt att min fotbollstränare Urban lärde mig vid åtta års ålder att vara en bra…
Paris röstade för höjda parkeringsavgifter för SUV:ar
Radar
– Miljö
| Igår röstade Parisborna om vad de anser om högre parkeringsavgifter för SUV:ar och andra tyngre bilar. Det blev ett ja…
Veganska helfabrikat mer hållbara än animalisk kost
Radar
– Miljö
| En ny studie, Sustainability benefits of transitioning from current diets to plant-based alternatives or whole-food diets in Sweden, visar att…
Rättegång mot klimataktivist i London – kan få tio års fängelse
Radar
– Miljö
| Idag inleddes en rättegång mot en klimataktivist som 2022 arresterades för att ha klättrat upp i en trafikskylt ovanför motorvägen…
Kontroversiellt reaktorbygge inlett i Iran
Radar
– Utrikes
| Iran meddelar att landet bygger två nya kärnkraftsreaktorer för forskning. Landets atomenergiprogram är kontroversiellt då misstankar finns att landet vill…
Ungern kräver besök av Kristersson
Radar
– Politik
| Det blir ingen omröstning om Sveriges Natoansökan i Ungern i dag. I stället ökar trycket på statsminister Ulf Kristersson att…
Regeringen: Skrota Sis – ersätt med ny verksamhet
Radar
– Politik
| Regeringen vill göra om hela den kritiserade statliga barn- och ungdomsvården, Sis-hemmen, i grunden. En utredning tillsätts nu för att…
Hantera dina nyhetsbrev
Avregistera","",2019-03-01T00:00:00.000000,trafilatura,tidningensyre.se,sweden,,
https://180grader.dk/artikel/mogens-lykketoft-gaar-amok-og-taber-besindelsen,Mogens Lykketoft går amok og taber besindelsen,"Min tidligere posting at dette link fik en hel del minusser (I ved selv hvem I er) - blot fordi jeg også havde linket teksten fra youtube, som diss...","Min tidligere posting at dette link fik en hel del minusser (I ved selv hvem I er) - blot fordi jeg også havde linket teksten fra youtube, som disse minus-givere ikke mente var relevant.
Så nu ser jeg frem til at de giver plusser - nu hvor teksten ikke er her længere..., for ellers var det jo af andre årsager...?
Kilde: http://youtu.be/Sf9ujCzalzs",Ikke angivet Ikke angivet,2011-09-28T00:00:00.000000,trafilatura,180grader.dk,denmark,,
https://180grader.dk/artikel/socialt-bedrageri-afslret-af-facebookbilleder-fra-charterrejser,Socialt bedrageri afsløret af Facebookbilleder fra charterrejser,Et par fra Næstved er dømt i socialt bedrageri for 700,"Et par fra Næstved er dømt i socialt bedrageri for 700.000 kr udbetalt som kontanthjælp, dagpenge og boligstøtte.
Det startedede i 2013, hvor de meddelte kommunen, at de var blevet separeret, og boede hver for sig. En anonym tipper meddelte dog kommunen i 2015, at parret hele tiden havde boet sammen. Dette kunne ligeledes bevises gennem parrets billeder på Facebook, som viste familiebilleder fra charterferier, Legoland og Lanlandia.
Derudover snød familien sig også til en friplads til institution.
https://www.avisen.dk/top-facebook-afsloerer-par-i-socialt-bedrageri_445036.aspx",PeBu -,2017-05-18T00:00:00.000000,trafilatura,180grader.dk,denmark,,
https://mekansa.fi/haluaako-suomi-sotaa/,Haluaako Suomi sotaa? | Me Kansa,,"Redacted haastattelee USA:n armeijan Eversti Douglas Macgregoria aiheesta kuka ampui ja mistä, dronen Venäjän sotilaalliseen tukikohtaan. Hänen ja asiantuntijoidensa mukaan se lennätettiin Suomesta. Suomi on siis hyökännyt Venäjään tai ainakin luovuttanut maaperänsä sen tekemiseen.
Haluaako Suomi sotaa?
Macgregor on huolissaan siitä, etteivät suomalaiset ymmärtäneet olevansa maantieteellinen alusta ja apu USA:n pyrkimyksissä sotia Venäjän kanssa. Hän uskoo, että suomalaiset kuvittelivat Natoon liittymisen olevan puolustuksellinen lisä ennemmin kuin maaperä ja avunanto USA:lle sen pyrkimyksissä valoittaa Venäjä.
Macgregor ja Clayton Morris (Redacted toimitus) pohtivat myös kuka johtaa nyt USA:ta. Onko se Biden vai kuka. Ja missä jamassa on koko USA:n hallinto. Pyrkimykset ovat niin rajut, etteivät kumpikaan usko, että yksikään Valkoisen Talon asukki noita uusia määräyksiä tekisivät. Ei edes Kamala Harris.
Mikä on tosiasissa minkäkin länsimaisen valtion hallinnon tila ja miten paljon kansaa viedää kuin pässiä narusta. Median rooli on siinä merkittävä.
Suomi on nyt tiensä valinnut. Hallintomme on viemässä maatamme sotaan maksoi mitä maksoi.
Ja historia toistaa itseään.
Alkuperäinen video englanniksi ilman käännöstä:
Liity Redacted kanavalle ja tue heidän arvokasta työtä: https://www.youtube.com/@RedactedNews
Haluaako Suomi sotaa?
Totuuden julkituominen edistää maailman rauhaa. Valheet luovat sotaa.
Kiitos Me Kansa kääntäjätiimille. Kunkin panos on tärkeä tiedonjakamissessa.
Mukaan saa tulla ja auttaa joko tekemällä tai tukemalla hankintoja: https://mekansa.fi/tuki/
Tämän videon käännöksestä vastaa
Me Kansa Kansanliike",Me Kansa,2024-07-31,,,finland,1642,2025-09-05T21:47:21.412963
https://180grader.dk/artikel/bilejere-overvejer-retssag-om-betaling-for-parkering-i-naturen,Bilejere overvejer retssag om betaling for parkering i naturen,Ordene ’i strid med loven’ er nu dukket op i forbindelse med Naturstyrelsens plan om at indføre betaling for parkering 19 steder i den danske natur,"Ordene ’i strid med loven’ er nu dukket op i forbindelse med Naturstyrelsens plan om at indføre betaling for parkering 19 steder i den danske natur.
Det er bilistorganisationen FDM, der påpeger, at planen på to områder er i strid med lovgivningen.",Ikke angivet Ikke angivet,2014-12-08T00:00:00.000000,trafilatura,180grader.dk,denmark,,
https://arbejderen.dk/tema/social-deroute/,social deroute – Arbejderen,,"Frederiksborgvej 11, 1. sal
2400 København NV
Hverdage 11:00 – 15:00
Tlf: 30 20 55 20
redaktion@arbejderen.dk
ABONNEMENT:
Tlf: 30 20 01 20
Mobilepay: 34045
Reg.nr.: 8411
Kontonr.:4074402
Reg.nr.: 5361
Kontonr.: 249087
Mobilepay: 87278
Ved udenlandske overførsler oplys også disse koder / For transfers abroad also use the Swift/Iban numbers:
SWIFT-BIC: ALBADKKK
IBAN: DK0753610000249087
Ansvarshavende redaktør:
Marc B. Sanganee
mbs@arbejderen.dk
Arbejderen udgives af:
Kommunistisk Parti
Frederiksborgvej 11, 1. sal
2400 København NV
Frederiksborgvej 11, 1. sal
2400 København NV
Hverdage 11:00 – 15:00
Tlf: 30 20 55 20
redaktion@arbejderen.dk
ABONNEMENT:
Tlf: 30 20 01 20
Mobilepay: 34045
Reg.nr.: 8411
Kontonr.:4074402
Reg.nr.: 5361
Kontonr.: 249087
Mobilepay: 87278
Ved udenlandske overførsler oplys også disse koder / For transfers abroad also use the Swift/Iban numbers:
SWIFT-BIC: ALBADKKK
IBAN: DK0753610000249087
Ansvarshavende redaktør:
Marc B. Sanganee
mbs@arbejderen.dk
Arbejderen udgives af:
Kommunistisk Parti
Frederiksborgvej 11, 1. sal
2400 København NV",,2020-06-01,,,denmark,1069,2025-09-06T03:55:33.912037
https://www.document.no/2021/09/10/brandenburger-tor-sett-fra-pariser-platz-1928/,Brandenburger Tor sett fra Pariser Platz (1928),,"Lesser Ury (1861-1931) Pastell på papp, 35 x 50 cm, privateie. Tysk titel: Brandenburger Tor vom Pariser Platz aus gesehen, 1928. Dette bildet ble sist registrert ved en auksjon hos Kettererkunst i München den 18. juli i år. Prisantydningen var € 100.000, men tilslaget falt ved over det tredobbelte, € 337.500 inkludert gebyrer. Lesser Ury […]
Logg inn for å lese videre (abonnenter).
Støtt Norges viktigste uavhengige medium!
Bli abonnentPluss-artikler blir åpnet 48 timer etter publisering. Artikler som er eldre enn to år er forbeholdt abonnenter.",Therion,2021-09-10T00:00:00.000000,trafilatura,www.document.no,norway,,
https://www.document.no/2023/07/15/skogpod-15-juli-2023/,Skogpod 15. juli 2023,,"Hans Rustad deler sine tanker og refleksjoner mens han går tur med hundene i skogen.
Logg inn for å lese videre (abonnenter).
Støtt Norges viktigste uavhengige medium!
Bli abonnentPluss-artikler blir åpnet 48 timer etter publisering. Artikler som er eldre enn to år er forbeholdt abonnenter.",Lars Bråthen,2023-07-15T00:00:00.000000,trafilatura,www.document.no,norway,,
https://swebbtv.se/a/john_nasman/video-channels,John Näsman,Svensk Webbtelevision är ett medborgarfinansierat initiativ för att skapa en regelbunden och allsidig nyhets- och informationsförmedling som ger uttryck för ett breddat utbud av ämnen och perspektiv samt granskning av för demokratin grundläggande skeenden. Därför tror vi på en fri och öppen debatt där olika åsikter får komma till uttryck.,"PeerTube
Incompatible browser
We are sorry but it seems that PeerTube is not compatible with your web browser.
Please try with the latest version of Mozilla Firefox.
If you think this is a mistake, please report it.","",2022-07-25T00:00:00.000000,trafilatura,swebbtv.se,sweden,,
https://samnytt.se/doms-betala-50-000-for-dodshot-mot-per-bolund/,Döms betala 50 000 för dödshot mot Per Bolund » Samnytt,Samnytt - ocensurerade nyheter. Samnytt rapporterar om det som gammelmedia döljer.,"En 63-årig man i Blekinge döms att betala över 50 000 kronor för att ha hotat Miljöpartiets språkrör Per Bolund.
Det är i oktober förra året som 63-åringen skriver ett inlägg på Twitter riktat mot Miljöpartiets språkrör. “Att nån kommer att sätta en kula i din märkliga skalle är bara en tidsfråga”, skriver han.
Bakgrunden till tweeten är att språkröret i ett Twitterutspel kallat de borgerliga partierna för ”blåbruna” för deras samarbete med Sverigedemokraterna.
Döms
63-åringen skriver Twitterinlägget i eget namn och med hjälp från Twitter kan det styrkas att det är han som står bakom kontot. I förhör erkänner 63-åringen att han “kan ha skrivit något sånt”.
Nu har 63-åringen dömts för tweeten: 100 dagsböter om 350 kronor för olaga hot. Han ska även betala skadestånd till Per Bolund på 5000 kronor.
Utöver böter och skadestånd döms twittraren att betala sina egna advokatkostnader; 12 003 kronor, samt 800 kronor till Brottsofferfonden.
Totalt får 63-åringen alltså betala 52 803 kronor för den hotfulla tweeten.
LÄS ÄVEN: Två åtalas för hot mot Per Bolund","",2022-11-23T00:00:00.000000,trafilatura,samnytt.se,sweden,,
https://180grader.dk/artikel/history-a-portrait-of-a-palestinian-hero,"History: A portrait of a Palestinian ""hero""",The Grand Mufti of Jerusalem Haj Amin el Husseini,"Oversigt
Job Ezekiel,
08/01/2016
The Grand Mufti of Jerusalem Haj Amin el Husseini.
2013-07-10 YouTube. Human Rights
Kilde: https://www.youtube.com/watch?v=Cy3aDIatrY0&feature=youtu.be
Læs mere
Mest læste",Job Ezekiel,2016-01-08T00:00:00.000000,trafilatura,180grader.dk,denmark,,
https://mvlehti.net/2023/06/09/venajan-lausunto-ykssa-kakhovskajan-padon-rajayttamisesta-khersonin-tulvien-aiheuttamiseksi-video/,Venäjän lausunto YK:ssa Kakhovskajan padon räjäyttämisestä Khersonin tulvien aiheuttamiseksi [Video] - Uusi MV-Lehti,"Vuonna 2022 Ukrainan johto ilmoitti avoimesti olevansa valmis horjuttamaan Kakhovkan vesivoimalaa, Venäjän virallinen edustaja YK:n turvallisuusneuvostossa Vasily Nebenzya totesi lausunnossaan Kakhovskajan vesivoimalan padon räjähdyksestä ja terrori-iskusta. Ukraina kiistää osallisuutensa padon räjäyttämiseen.","”Herra puheenjohtaja. Kesäkuun 6. päivän yönä Kiovan hallinto syyllistyi käsittämättömään rikokseen heikentämällä Kakhovkan vesivoimalaitoksen patoa, minkä seurauksena Dnepr-joen alajuoksulla alkoi hallitsematon vesipäästö. Asutukset joutuivat tulvan alle. Tuhansia ihmisiä on evakuoitava, ja se on jo aloitettu. Alueen maataloudelle ja Dneprin suun ekosysteemille aiheutui valtavaa vahinkoa.
Haluan korostaa, että Ukrainan asevoimien johto ilmoitti avoimesti jo viime vuonna olevansa valmis räjäyttämään tämän padon saadakseen sotilaallista etua. Tässä suora lainaus Washington Postin artikkelista 29. joulukuuta 2022. Kuunnelkaa tarkkaan.
”Ukrainan kenraalimajuri Kovalchuk ajatteli joen tulvimista. Hänen mukaansa ukrainalaiset tekivät jopa koeiskun HIMARSilla yhteen Novokakhovskajan padon suluista tekemällä kolme reikää metalliin nähdäkseen, voisivatko Dneprin vedet nousta tarpeeksi ylös estääkseen venäläisten rajanylitykset ilman, että läheiset kylät tulvivat. Kovalchukin mukaan testi onnistui, mutta toimenpide jäi viimeiseksi keinoksi. Sitten hän kieltäytyi siitä.”
Lainaus päättyy. Olemme varoittaneet kansainvälistä yhteisöä ja YK:n johtoa tästä uhasta. Lokakuun lopussa 2022 jaoimme YK:n turvallisuusneuvoston virallisena asiakirjana pysyvän edustuston muistion Kiovan hallinnon suunnitelmista tuhota Kakhovkan vesivoimalaitos.”
”Pahoittelemme, että pääsihteerille esittämiämme kehotuksia tehdä kaikkensa tämän hirvittävän rikoksen estämiseksi ei ole otettu asianmukaisesti huomioon. Tällä kertaa Kiovan hallinto, joka tuntee täydellisen rankaisemattomuutensa ja jota länsimaiset kuraattorit rohkaisevat, päätti toteuttaa terroristisen suunnitelmansa.
On yhä vaikeampaa vakuuttaa ketään siitä, että Ukrainan konfliktin väitetään olleen seurausta Venäjän provosoimattomasta hyökkäyksestä.
Nykyään vain Yhdysvallat ja sen lähimmät liittolaiset yrittävät yhä kiistää, että länsimaiset suojelijat valmistivat Ukrainaa pitkään ja määrätietoisesti sotaan Venäjän vastaan perustuslain vastaisen Maidanin vallankaappauksen jälkeen ja jättävät rienaavasti huomiotta Maidanin vallanpitäjien yhdeksän vuotta kestäneen sodan venäjänkielisiä asukkaitaan vastaan maan itä- ja kaakkoisosassa, joka vaati tuhansien siviilien hengen ja jonka lopettamiseksi käynnistettiin ennen kaikkea Venäjän sotilaallinen erikoisoperaatio Ukrainassa.
Näemme jo nyt koordinoidun tiedotus- tai pikemminkin disinformaatiokampanjan. Kuulemme lännestä ja tietenkin Kiovasta tulevia lausuntoja, ja varmasti kuulemme tänään tässä salissa, että Venäjä räjäytti Kakhovskajan vesivoimalaitoksen padon.
Nämä lausunnot annetaan sen virheellisen logiikan hengessä, jonka mukaan me olemme vastuussa Zaporozhyen ydinvoimalan räjäyttämisestä tai Nord Stream -kaasuputkien räjäyttämisestä. Tällaisista lainatuista johtopäätöksistä lähtee skitsofreniaa, joka ei ehkä ole edes piilevää.”
”Kiovan toteuttama tahallinen sabotaasi kriittisen infrastruktuurin laitosta vastaan on luonteeltaan äärimmäisen vaarallista ja voidaan pohjimmiltaan luokitella sotarikokseksi tai terrori-iskuksi. Hyökkäykset vaarallisia voimanlähteitä sisältäviin laitoksiin on nimenomaisesti kielletty kansainvälisessä humanitaarisessa oikeudessa, ja vuoden 1977 Geneven yleissopimusten ensimmäisen lisäpöytäkirjan 56 artiklassa mainitaan nimenomaisesti padot.
Kiovan sabotaasilla on kaksi ilmeistä tavoitetta. Ensiksi mahdollisimman suuren huomion herättäminen itselleen, jotta voidaan luoda suotuisia mahdollisuuksia Ukrainan sotilasyksiköiden uudelleenryhmittymiselle ja laajalti julkisuutta saaneen vastahyökkäyksen jatkamiselle, joka on selvästi jähmettynyt eikä saavuta Kiovan asettamia tavoitteita.
Puolustusministeriömme mukaan Kiova on aloittanut puolustusasemien rakentamisen Dneprin oikealle rannalle, mikä osoittaa Ukrainan joukkojen aikomuksen siirtyä puolustuskannalle. Tämänpäiväisen hyökkäyksen toinen tehtävä on aiheuttaa mahdollisimman suurta humanitaarista vahinkoa laajojen alueiden väestölle, mikä merkitsee väistämättä vesi- ja energiainfrastruktuurin suuren osan tuhoamista.
Tällä hetkellä Venäjän federaation Khersonin alueen viranomaiset evakuoivat väestöä tulvauhan alaisilta alueilta. Vesivoimalaitoksen heikentäminen on jo johtanut ympäristökatastrofiin. Kymmeniä Dnepr-joen alajuoksulla sijaitsevia asutuskeskuksia on joutunut tulvan alle.
Kakhovkan tekojärvi ja Pohjois-Krimin kanava, joka toimittaa vettä Krimin niemimaalle, mataloituvat. Toisin sanoen Kiova lähti jälleen kerran kostamaan Krimin asukkaille heidän Venäjän hyväksi tekemästään valinnasta ja jätti Krimin asukkaat ilman vettä. Emme sulje pois piilevää provokaatioyritystä Zaporozhyen ydinvoimalaa vastaan.
Samaan aikaan Kiovan viranomaiset lisäsivät merkittävästi Dnepropetrovskin vesivoimalaitoksen vesipäästöjä. Tämä johtaa entistä suurempiin tulviin alueilla, mikä osoittaa, että tämä sabotaasi suunniteltiin etukäteen mahdollisimman vakavien seurausten aiheuttamiseksi alueen väestölle.
Lähdemme siitä, että Kiovan rikollinen hallinto ja sen läntiset suojelijat, jotka itsepintaisesti pumppaavat sille aseita, kantavat täyden vastuun kehittyvästä tragediasta. Tämä teko voidaan nähdä jatkumona Kiovan hallinnon vuodesta 2014 lähtien harjoittamalle järjestelmälliselle taktiikalle, joka koostuu puhtaasti siviilikohteisiin kohdistuvista iskuista, joiden ainoana tarkoituksena on pelotella siviiliväestöä. Tämä on nimenomaisesti kielletty saman lisäpöytäkirjan 51 artiklassa.
Terrorististen menetelmien käyttämisestä on jo tullut Kiovan hallinnon virallinen taktiikka, ja hallinto käyttää sitä avoimesti hyväkseen. Krimin sillan horjuttaminen, Daria Duginan ja Vladlen Tatarskyn murhat, Zakhar Prilepinin murhayritys ovat sen ansiota. Ukrainan sotilastiedustelun päällikkö Kirill Budanov julistaa avoimesti suunnitelmistaan jatkaa venäläisten terroristista tuhoamista.
Läntiset valtuuskunnat eivät ole sanallakaan tuominneet näitä toimia. Kiovan hallinnolla on hyviä oppimestareita, kuten Nord Stream -kaasuputken räjäyttäminen ja kohdennetut iskut al-Tabqan patoa vastaan Syyriassa. Länsimaat ovat tottuneet tekemään likaisen työn jonkun toisen käsillä. Mutta tässä tapauksessa he eivät voi piiloutua epäpätevän Kiovan hallinnon taakse. Ymmärrämme varsin hyvin, kuka todella suunnittelee, valmistelee ja valtuuttaa tämän mittakaavan sabotaasin.
On syvästi hämmentävää, että YK:n sihteeristö kieltäytyy joka kerta tuomitsemasta Kiovan hallinnon hyökkäyksiä vedoten tiedon puutteeseen, kuten esimerkiksi Ukrainan Zaporozhjen ydinvoimalan pommituksesta, vaikka kaikille on selvää, miltä puolelta ne tulevat. Samaan aikaan YK:n sihteeristön johto ei epäröi toistaa politisoituja johtopäätöksiä, joiden mukaan muka kaikki tällaiset rikokset ovat seurausta Venäjän toimista Ukrainassa.
Tämä on tuomittava poikkeama objektiivisuuden ja puolueettomuuden periaatteesta, joka YK:n peruskirjan artiklassa 100 määrätään YK:n sihteeristön johdolle. Kehotamme YK:n pääsihteeriä antamaan vihdoin objektiivisen arvion Kiovan hallinnon terroriteoista ja tuomitsemaan ne.
Vaadimme, että kaikki Kakhovskajan voimalaitokseen kohdistuneen barbaarisen hyökkäyksen olosuhteet selvitetään. On mahdotonta hyväksyä, että tilanne toistuu Buchan kaupungin tragedian tai Nord Stream -kaasuputkien räjähdyksen yhteydessä. Kiitos.”
UMV/UVM, 9.6.2023
Lähde: Youtube",UMV-Toimitus,2023-06-09T00:00:00.000000,trafilatura,mvlehti.net,finland,,
https://pt-media.org/2025/03/28/vaaligallup-52-vastaajista-aikoo-aanestaa-perussuomalaista-ehdokasta/,Vaaligallup: 52 % vastaajista aikoo äänestää perussuomalaista ehdokasta - Pt-media.org,,"Vaaligallupin vastaajista 52 % aikoo äänestää perussuomalaista ehdokasta ja peräti 18 % ei aio äänestää ollenkaan.
Kolmanneksi listalle ylsi Vapauden liitto, joka sai 15 % äänistä. Oikeastaan loput vaihtoehdot olivat sitten marginaaleja. Yllättäen neljänneksi tulleita kommunisteja aikoo äänestää 2 % vastaajista.
Peräpäätä pitää liberaalit, jotka saivat kaksi ääntä kaikista 827 äänestä. Vihreät näkyy boldattuna, koska itse äänestin sitä. Ei siksi, että äänestäisin oikeasti vihreitä, vaan siksi, että tapaan kokeilla aina gallupin julkaisun jälkeen, että se toimii ja tällä kertaa sormi sattui osumaan vihreille.
Kiitos vastaajille ja ensi viikolla taas jotain uutta.
1. Älä kirjoita koko kommenttiasi ulkomaan kielellä,
2. Älä vastaa ulkomaankielisiin ilmiselviin bottikommenteihin, sillä niitä pääsee silloin tällöin läpi,
3. Laita kommenttiin max 1-2 linkkiä jollekin toiselle sivulle,
4. Kommentit, joissa on pelkkä linkki, menevät roskapostisuodattimeen,
Kiitos.
Persut on aika pitkälti kääntänyt takkiaan ja pettänyt puheensa joka asiassa.
Oli kyse sitten EU:sta, ”ilmastonmuutoksesta”, vähävaraisilta leikkaamisesta jne.
Edes sieltä yle:ltä ei oikeasti mitään leikattu, jäädytettiin vain ne jokavuotiset indeksikorotukset.
Jatkoivat myös edellisen hallituksen ”korona-aikana” käyttöönotettua median miljoonatukia.
Mutta ”demokratiassahan” jokaisella on se yksi ääni ja sen käyttäköön kuten haluaa ja millä perusteilla haluaa.
Onko joku puolue, joka ei olisi kääntänyt takkiaan? Häh !
Ehkä Sinimustat eivät ole kääntäneet takkiaan toimissaan, mutta koska haluavat ajaa asioita, joille ei löydy kannatusta, ei löydy äänestäjiäkään. Eivät tosin ole enää puolue, mutta kovasti yrittävät tulla uudestaan puolueeksi. Aika hyödytöntä tosin, koska ei ole kannattajakuntaa riittävästi siihen, että pääsisi eduskuntaan tai edes pärjäisi kunnallisissa.
Fiksumpi porukka on tietoinen siitä, mitä se haluaa saada aikaiseksi, mutta se ei yritä toteuttaa sellaista, mille ei löydy riittävää kannatusta.
Pelkkä aatteen into ei vie mihinkään.
jännitystä elämään, vaikeksien jälkeen voitto
maistuu parhaalta.. äänestä eniten valehdellutta,
tiedät mitä et ainakaan saa……
u ei vaan toimi aina,,,vaikeuksien,,
Juuri näin. Perssuomaalaisia on niin helppoa kusettaa.. uudestaan ja uudestaan.
Persut eivät ole kääntäneet takkiaan, mutta eivät taistele raivoisasti sellaisten asioiden puolesta, mitä ei voi edistää. Parempi keskittyä viemään eteenpäin sellaisia asioita, joita voi viedä eteenpäin.
Politiikassa ei omat halut riitä. Pitää saada muilta tukea. Jos sitä tukea ei ole, ei voi edistää haluamaansa asiaa, joten ei kannata raivota sen vuoksi.
Eivät ole kääntäneet. Joo ei ole. Kokoomuksen pikkupuudeli puolue. Puolue täynnä kriminaaleja. Ilmankos se vetoaa sekopäihin. Myös lättäjalkoihin.
Loanheitto ja totuus ovat kaksi eri asiaa. Olet usein keskittynyt kukkuiseen loanheittoon. Ei tule oikea asia esille, eikä mikään vaikuta uskottavalta paitsi niiden mielestä, jotka ajattelevat samalla tavalla.
Ne ministeripaikat ovat niin tärkeitä puolueelle että jos on mahdollisuus hallitukseen, kumarretaan vielä isompia voimia ja mennään rahoittajien pillin mukaan, tätähän politiikka nykyään on. Suomen isoimmat vaikuttaja ovat suuryritysten ammatti lobbarit ja raha ja sitä syydetään paljon politiikkaan koska sille saa hyvän katteen. Aatteet on heitetty jo aikoja sitten huishelvettiin ja siksi esim. kokoomus menestyy vuodesta toiseen sen ison rahan voimalla koska politiikan teko on todella kallista.
Ylenannon leikkauksista päätti PARLAMENTAARINEN työryhmä = kaikkien puolueiden edustajat ja päätös piti olla yksimielinen. Eli ei niitä ylenannon leikkauksista päättäneet persut kuten täälläkin virheellisesti moni väittää. Jos he olisivat saaneet päättää leikkuri olisi iskenyt kovemmin ja syvemmältä. Mutta kun siellä oli leikkauksia vastaan koko virhevasemmisto niin tulos on tuo, eli että saatiin edes jotain aikaiseksi.
Ja ylenannon johdolle annettiin selvät ohjeet, että mistä EI pidä leikata, niin joo, ylenannon merjapa teki juuri kuten ei olisi saanut/pitänyt tehdä. Että sellainen ylä-merja.
Kokoomusta äänestäisi 1%.
Laittomilla presidentinvaaleilla valittu Stubb tehnyt pahaa jälkeä
Persulle annettu ääni ois mahdollisuus muutokseen.
Kuitenkin niinkauan kuin yksikin varaspaskiainen keikkuu paikallisten persujen riveissä menevät kaikki neljä ääntä muiden uurniin.
18 % haluaa auttaa vihervassuja samaan suhteellisesti ottaen enemmän ääniä. Vain annetut äänet lasketaan ja jos äänestämättä jättäviä on paljon, suosivat vaalit niitä puolueita, joiden äänestäjät ovat aktiivisia.
No juurihan sinö sanoit, ettei mitään oikeita terveitä asioita ole mahdollista ajaa
No, en sanonut, eikä kiukkusi toimi missään asioissa.
Kovastihan tuo valtamedia jo ilakoi perussuomalaisten huonosta vaalimenestyksestä, vaikka mitään vaaleja ei ole vielä edes käyty. Suorastaan viherkommarit heittelevät voltteja ilosta. Pahintahan tässä on tietysti se, että potentiaaliset perussuomalaisten äänestäjät eivät viitsi lähteä liikkeelle, vaan jäävät sinne nukkuvien joukkoon. Jos netissä voisi äänestää kuten Virossa, olisi tulos todennäköisesti ihan toinen.
Niin olisi. Virhevasemmisto saisi 101% äänistä jos netissä voisi äänestää:))
Kuka järjissään oleva äänestää persuuuksia, ne on ne pahimmat petturit.
Minä aion, ovat saaneet hyviä lakeja ja asioita eteenpäin. Hyvin Riikka jauhotti demari Antin, kaverin kaikki suunnitelmat perustuvat lisä lainan ottamiseen. 🧐
Purrahan on onnatnut saatanasti lainaa. Kielsi myös holokaustijuttujen epäilemisen",Paavo Tajukangas,2025-03-28,,,finland,5531,2025-09-05T22:10:06.422583
https://180grader.dk/artikel/ny-privat-valuta-kan-true-centralbanker-og-skattesystemer,Ny privat valuta kan true centralbanker og skattesystemer,"SVT sætter fokus på Bitcoin - en ny privat og dihitalt krypteret valuta, der ser ud til at vinde terræn og som potentielt kan true både centralbank...","SVT sætter fokus på Bitcoin - en ny privat og dihitalt krypteret valuta, der ser ud til at vinde terræn og som potentielt kan true både centralbankernes monopol på pengeudstedelse og staters mulighed for at opkræve skatter.",Ikke angivet Ikke angivet,2011-05-28T00:00:00.000000,trafilatura,180grader.dk,denmark,,
https://nyadagbladet.se/inrikes/sverige-foljer-i-eus-fotspar-stanger-gransen/attachment/lofven-von-der-leyen/,lofven-von-der-leyen,Foto: Anders Löwdin/Renew Europe/CC BY-NC-ND 2.0,"Breaking News
-
Stoltenberg avgår som Bilderbergchef – blir Norges finansminister -
Minst fem skjutna vid skola i Örebro – stor polisinsats pågår -
Vitrysslands president till brittiske journalisten: Ditt land styrs av indier -
Trump: ”Vill ha Ukrainas sällsynta metaller” -
Fastighetsägare ger skötsamma studenter förtur på förstahandskontrakt
Den här artikeln publicerades för 5 år sedan
https://nyadagbladet.se/inrikes/sverige-foljer-i-eus-fotspar-stanger-gransen/attachment/lofven-von-der-leyen/
Send this to a friend","",2020-03-18T00:00:00.000000,trafilatura,nyadagbladet.se,sweden,,
https://180grader.dk/artikel/jyske-bank-anbefaler-spaniens-strste-tv-selskab-mediaset-espaa,Jyske Bank anbefaler Spaniens største tv-selskab Mediaset España,"Spaniens største TV selskab Mediaset España er en interessant investering ifølge Jyske Banks aktieanalyse, der netop har startet dækning af sels...","Spaniens største TV selskab Mediaset España er en interessant investering ifølge Jyske Banks aktieanalyse, der netop har startet dækning af selskabet.
Aktien får anbefalingen 'Køb' og et 12 måneders kursmål på 12,2 EUR. Analytiker Rune Dinesen uddyber anbefalingen.",Jyskebank tv Ikke angivet,2015-11-17T00:00:00.000000,trafilatura,180grader.dk,denmark,,
https://samnytt.se/video-har-attackerar-mannen-tagkonduktor/,VIDEO: Gratisåkare går till attack mot tågkonduktör &#187; Samnytt,Samnytt - ocensurerade nyheter. Samnytt rapporterar om det som gammelmedia döljer.,"VIDEO: Gratisåkare går till attack mot tågkonduktör
Få tillgång till exklusivt material med Samnytt PLUS!
Bli prenumerant ellerför att läsa resten av denna artikel.
Som Samnytt PLUS läsare får du tillgång till exklusiva artiklar, intervjuer, video-reportage och op-eds. samt rabatter och erbjudanden från Samnytts partners.
Ingen bindningstid - Avsluta prenumerationen online när som helst
Senaste nytt
Populärt just nu","",2020-10-18T00:00:00.000000,vpn_retry,samnytt.se,sweden,,
https://www.frihetskamp.no/dagens-video-jeg-angrer-ingenting/,Dagens video: «Jeg angrer ingenting!»,,"VIDEO Frihetskamp presenterer dagens video.
En kveld i mai 1920 hørte Walter Richard Rudolf Hess (1894 – 1987) for første gang Adolf Hitler tale på Starneckerbryggeriet i München. Da han senere returnerte hjem samme kveld, sa han til Ilse Pröhl, sin kommende kone:
I overmorgen må du bli med meg til et møte med Det nasjonalsosialistiske arbeiderpartiet. En ukjent skal tale – jeg kan ikke huske navnet hans. Men om noen kan befri oss fra Versailles, så er det den mannen. Denne ukjente mannen kommer til å gjenopprette vår ære.
Kort tid etter dette, den 1. juli 1920, ble Rudolf Hess medlem nummer 16 i det lille partiet.
I mai 1941 fløy Hess alene til Storbritannia for å fredsmekle, men ble skutt ned av britene og satt i britisk fangenskap helt frem frem til Nürnbergprosessen der han ble idømt livstidsstraff og måtte sone i Spandau-fengselet i Tyskland – absurd nok for «brudd mot freden».
Etter mange tiår med fornedring, under hvilke han knapt fikk treffe sine egne barn og sin kone, ble han til slutt, den 17. august 1987, bare en måned etter plan om løslatelse, myrdet før han kunne fortelle sin historie for verden.
Hess var en mann som gav alt for kampen, bokstavelig talt, uten å noensinne vike en tomme i sin lojalitet. Dette er hans siste ord i det offentlige rom, og det er ikke annet enn riktig at han selv skal få avslutte sin historie med sine egne ord:
Jeg hadde privilegiet å i mange år arbeide under den største sønnen min nasjon har ført frem i løpet av sin tusenårige historie. Selv om jeg kunne, skulle jeg ikke fjerne denne tiden fra mitt liv. Jeg er lykkelig over å vite at jeg har gjort min plikt for mitt folk, min plikt som en tysker, som nasjonalsosialist, som en lojal følger av min fører. Jeg angrer ingenting!.
Hvis jeg skulle begynne om igjen, så skulle jeg handle akkurat som jeg handlet, selv om jeg visste at det skulle ende med at jeg blir brent på bål. Uansett hva mennesker gjør, skal jeg en dag stå fremfor Gud den eviges domstol. Jeg skal svare ham, og jeg vet at han vil frikjenne meg.
Se dagens video:
Les også:
Rudolf Hess
Rudolf Hess ble myrdet",Av Redaksjonen,2021-06-18T00:00:00.000000,trafilatura,www.frihetskamp.no,norway,,
https://www.document.no/2021/04/13/vang-kommune-ser-innvandring-som-fremtiden/,Vang kommune ser innvandring som fremtiden,,"Det er nesten ikke til Ã¥ tro, men NRK fortsetter med artikler som fremhever hvor positivt innvandring er. NÃ¥ fokuseres det pÃ¥ fraflytting fra utkantkommuner, og det hevdes at det er bedre Ã¥ fÃ¥ innvandrere til Ã¥ bli boende enn Ã¥ sÃ¸rge for at nordmenn flytter tilbake.
Logg inn for Ã¥ lese videre (abonnenter).
StÃ¸tt Norges viktigste uavhengige medium!
Bli abonnentPluss-artikler blir Ã¥pnet 48 timer etter publisering. Artikler som er eldre enn to Ã¥r er forbeholdt abonnenter.",Erling Marthinsen,2021-04-13T00:00:00.000000,trafilatura,www.document.no,norway,,
https://www.document.no/2020/02/25/hoyre-topper-vil-ta-oppgjor-med-frps-byrakratisering/,HÃ¸yre-topper vil ta oppgjÃ¸r med Â«Frps byrÃ¥kratiseringÂ»,,"HÃ¸yre-topper mener Frp-leder Siv Jensen som finansminister innfÃ¸rte Â«smÃ¥lige og bedriftsfiendtlige byrÃ¥kratiforslagÂ» som mÃ¥ fjernes. HÃ¸yre-toppene har hÃ¥p om vei i vellinga, nÃ¥ som partifellen Jan Tore Sanner har overtatt som finansminister etter Frps regjeringsexit.
Logg inn for Ã¥ lese videre (abonnenter).
StÃ¸tt Norges viktigste uavhengige medium!
Bli abonnentPluss-artikler blir Ã¥pnet 48 timer etter publisering. Artikler som er eldre enn to Ã¥r er forbeholdt abonnenter.",Arthur Dent,2020-02-25T00:00:00.000000,trafilatura,www.document.no,norway,,
https://180grader.dk/artikel/lsning-pa-danmarks-migration-og-ghettoproblemer,Løsning på Danmarks migration- og ghettoproblemer,Israel har taget skeen i den anden hånd,"Israel har taget skeen i den anden hånd. Udvisning af 15.000 afrikanske mænd. Ikke mere vrøvl - ud af vagten. Her kunne vores politikerne lære noget.!
Men, nej - de har travlt med de sædvanlige afledningsmanøvrer, der kun har til formål at gøre: “intet, absolut intet som helst”.",Ikke angivet Ikke angivet,2018-02-05T00:00:00.000000,trafilatura,180grader.dk,denmark,,
https://tidningensyre.se/2022/13-oktober-2022/unhcr-uppmanar-ta-emot-fler-kvotflyktingar/,Tack för att du läser – så här läser du vidare!,"","För bästa användarupplevelse använder vi kakor där vi lagrar och läser in information om er användare. Om ni accepterar det så kan vi spara information om ifall ni är inloggade och vilka artiklar som blir mest lästa. Att tacka nej kan påverka vissa funktioner och användarupplevelsen. Det gör det också svårare för oss att bedriva vårt uppdrag, att leverera den bästa gröna journalistiken.
Du kan när som helst ändra inställningarna genom att klicka på den gröna fliken i nedre högra hörnet eller ""Mer"" i menyn.
För att sidan ska fungera som det ska använder vi oss av kakor. Kakorna i den här kategorin kan inte väljas bort eftersom de är nödvändiga för er läsupplevelse.
Den tekniska lagringen eller åtkomsten är nödvändig för det legitima syftet att lagra inställningar som inte efterfrågas av abonnenten eller användaren.
För vår överlevnad är det fullständigt nödvändigt att vi kan redovisa statistik över antalet besökare vi har. Vi använder också statistiken för att fatta kloka beslut om vad ni läsare är mest intresserade av att läsa.
Den tekniska lagringen eller åtkomsten som används uteslutande för anonyma statistiska ändamål. Utan en stämningsansökan, frivillig efterlevnad från din Internetleverantörs sida, eller ytterligare register från en tredje part, kan information som lagras eller hämtas endast för detta ändamål vanligtvis inte användas för att identifiera dig.
För att nå ut använder vi oss av marknadsföring, men också för att få inkomster.","",2022-10-13T00:00:00.000000,trafilatura,tidningensyre.se,sweden,,
https://tidningensyre.se/goteborg/2018/nummer-92/sma-andringar-lag-om-ensamkommande/,Tack för att du läser – så här läser du vidare!,"","För bästa användarupplevelse använder vi kakor där vi lagrar och läser in information om er användare. Om ni accepterar det så kan vi spara information om ifall ni är inloggade och vilka artiklar som blir mest lästa. Att tacka nej kan påverka vissa funktioner och användarupplevelsen. Det gör det också svårare för oss att bedriva vårt uppdrag, att leverera den bästa gröna journalistiken.
Du kan när som helst ändra inställningarna genom att klicka på den gröna fliken i nedre högra hörnet eller ""Mer"" i menyn.
För att sidan ska fungera som det ska använder vi oss av kakor. Kakorna i den här kategorin kan inte väljas bort eftersom de är nödvändiga för er läsupplevelse.
Den tekniska lagringen eller åtkomsten är nödvändig för det legitima syftet att lagra inställningar som inte efterfrågas av abonnenten eller användaren.
För vår överlevnad är det fullständigt nödvändigt att vi kan redovisa statistik över antalet besökare vi har. Vi använder också statistiken för att fatta kloka beslut om vad ni läsare är mest intresserade av att läsa.
Den tekniska lagringen eller åtkomsten som används uteslutande för anonyma statistiska ändamål. Utan en stämningsansökan, frivillig efterlevnad från din Internetleverantörs sida, eller ytterligare register från en tredje part, kan information som lagras eller hämtas endast för detta ändamål vanligtvis inte användas för att identifiera dig.
För att nå ut använder vi oss av marknadsföring, men också för att få inkomster.",Peter Wallberg; TT,2018-04-24T00:00:00.000000,trafilatura,tidningensyre.se,sweden,,
https://180grader.dk/artikel/blasphemy-hearing-for-jailed-christian-in-pakistan-asia-bibi-delayed-the-global-dispatch,"Blasphemy hearing for jailed Christian in Pakistan, Asia Bibi, delayed - The Global Dispatch","The blasphemy laws say that “whoever by words, either spoken or written, or by visible representation or by any imputation, innuendo, or insinuatio...","The blasphemy laws say that “whoever by words, either spoken or written, or by visible representation or by any imputation, innuendo, or insinuation, directly or indirectly, defiles the sacred name of the Holy Prophet Muhammad (peace be upon him) shall be punished with death, or imprisonment for life, and shall also be liable to fine.”",Ikke angivet Ikke angivet,2014-04-14T00:00:00.000000,trafilatura,180grader.dk,denmark,,
https://180grader.dk/usa/top-embedsmand-trekker-sig-i-protest-mod-trump,Top-embedsmand trækker sig i protest mod Trump,"Embedsmanden James Miller mener, at forsvarsministeren burde have modsat sig en rydning af Lafayette Square.","James Miller, en tidligere toppolitisk embedsmand i det amerikanske forsvarsministerium, Pentagon, har trukket sig fra sin post i forsvarets rådgivende bestyrelse.
Det sker af utilfredshed med forsvarsminister Mark Espers støtte til rydningen af demonstranter ved Lafayette Square i Washington D.C. mandag forud for præsident Donald Trumps besøg ved en nærliggende kirke.
I sit opsigelsesbrev, offentliggjort af The Washington Post tirsdag, påpeger James Miller, at han mener, at forsvarsminister Mark Esper har krænket sit løfte om at beskytte USA's forfatning.
Det rapporterer CNN.
- Da jeg tiltrådte bestyrelsen i 2014, efter at have forladt et job i forsvarsministeriet, aflagde jeg igen en embedsed, der omfatter at støtte og forsvare USA's forfatning.
- Du aflagde den samme ed den 23. juli 2019, da du blev taget i ed som forsvarsminister, skriver James Miller i opsigelsesbrevet til Mark Esper.
- Jeg tror, at du krænkede den ed mandag den 1. juni 2020, skriver han videre med henvisning til ordensmagtens rydning af fredelige demonstranter ved Lafayette Square.
- Du har måske ikke været i stand til at stoppe præsident Trump fra at give ordre til dette rædselsfulde misbrug af magt, men du kunne have valgt at modsætte dig det. I stedet støttede du det synligt, tilføjer Miller.
Efter sit pressemøde i Det Hvide Hus mandag gik Donald Trump til fods fra præsidentboligen til den beskadigede kirke St. John's Episcopal Church, hvor han poserede med en bibel i hånden for fotograferne.
Forinden brugte politiet tåregas og gummikugler mod fredelige demonstranter for at tvinge dem væk fra området inden præsidentens ankomst.
Kirken er under protesterne i Washington D.C. blevet ramt af graffiti og hærværk.
Donald Trumps optrin har vakt skarp kritik af præsidentens brug af magt fra blandt andre en lang række fremtrædende demokrater, herunder Joe Biden, Hillary Clinton og Kamala Harris.
Kilde: /ritzau/","",2020-06-03T00:00:00.000000,trafilatura,180grader.dk,denmark,,
https://arbejderen.dk/kalender/koebenhavn-faelles-om-ligeloen-aktivist-og-planlaegningsmoede/,KØBENHAVN: Fælles om ligeløn – aktivist- og planlægningsmøde – Arbejderen,"Vi mødes igen til et nyt planlægningsmøde i Fælles om ligeløn for at planlægge kommende aktiviteter. Vi skal blandt planlægge kommende events til Lønstrukturkomitéens møder, Folkemøde Bornholm, anden aktivisme, mulige debatindlæg, OK 23 etc.. Hvis du ikke kan deltage, men har gode idéer eller punkter til dagsordenen, så send gerne en besked eller mail inden. …","KØBENHAVN: Fælles om ligeløn – aktivist- og planlægningsmøde
Vi mødes igen til et nyt planlægningsmøde i Fælles om ligeløn for at planlægge kommende aktiviteter.
Vi skal blandt planlægge kommende events til Lønstrukturkomitéens møder, Folkemøde Bornholm, anden aktivisme, mulige debatindlæg, OK 23 etc..
Hvis du ikke kan deltage, men har gode idéer eller punkter til dagsordenen, så send gerne en besked eller mail inden.
Der vil være en sandwich (giv besked til Susanne Both hvis der er særhensyn ift. kost).
Vi mødes mandag d. 23. januar 2023 kl. 16-18 hos Dansk Socialrådgiverforening, Toldbodgade 19 B (baghuset), Kbh K.","",2023-01-19T00:00:00.000000,trafilatura,arbejderen.dk,denmark,,
https://www.document.no/2006/09/24/danske_stemmer_the_big_picture/,Danske stemmer - the Big Picture,,"Fremover kommer det flere artikler fra Danmark. Danmark har et knippe gode, skarpe intellektuelle, som ligger langt foran erkjennelsen i Norge. Hva kan det komme av? Er det den norske mindreverdighetsfølelsen som ligger under masken av godhet? Oljepenger hjelper ikke. Vi tør ikke være oss selv. Forfallet i politisk kultur er merkbart. Det tøvet som […]
Logg inn for å lese videre (abonnenter).
Støtt Norges viktigste uavhengige medium!
Bli abonnentPluss-artikler blir åpnet 48 timer etter publisering. Artikler som er eldre enn to år er forbeholdt abonnenter.",Hans Rustad,2006-09-24T00:00:00.000000,trafilatura,www.document.no,norway,,
https://www.vaken.se/cbd-olja-extrakt-forstklassig-kvalitet-blixtsnabba-leveranser-hos-cannabislight/,CBD-olja extrakt: Förstklassig kvalitet & blixtsnabba leveranser hos Cannabislight,Cannabislight har etablerat sig som en ledande leverantör av CBD-olja extrakt med fokus på att erbjuda 100 % naturliga produkter,"Cannabislight har etablerat sig som en ledande leverantör av CBD-olja extrakt med fokus på att erbjuda 100% naturliga produkter, blixtsnabba leveranser, alltid schyssta priser och fullständig transparens genom tillhandahållande av labbrapporter för varje produkt som skickas. Deras dedikation till kvalitet och kundnöjdhet har gjort dem till en pålitlig resurs för dem som söker naturliga lösningar för hälsa och välbefinnande genom CBD-produkter.
Naturliga produkter: Renhet & kvalitet
Cannabislight.se prioriterar renhet och kvalitet när det gäller deras CBD-olja extrakt. Genom att endast använda naturliga ingredienser och en noggrann extraktionsprocess säkerställer de att deras produkter behåller alla de fördelaktiga egenskaperna hos CBD utan onödiga tillsatser eller kemikalier. Kunder kan vara säkra på att de får en produkt som är så ren och naturlig som möjligt för att maximera dess potential för hälsa och välbefinnande.
Blixtsnabba leveranser: Snabbhet & tillförlitlighet
En av Cannabislights främsta fördelar är deras blixtsnabba leveranser. De förstår vikten av att få tillgång till sina produkter snabbt och smidigt, särskilt när det gäller att hantera hälsoproblem. Med snabbhet och tillförlitlighet som ledstjärnor i deras leveransprocess kan kunder vara säkra på att deras CBD-olja extrakt kommer att levereras i tid, varje gång.
Schyssta priser: Prisvärd kvalitet
Trots att de erbjuder produkter av högsta kvalitet strävar Cannabislight alltid efter att hålla sina priser schyssta och överkomliga. De tror starkt på att hälsa och välbefinnande inte ska vara något som endast är tillgängligt för dem med djupa fickor. Genom att erbjuda konkurrenskraftiga priser gör Cannabislight det möjligt för fler människor att dra nytta av fördelarna med CBD-olja extrakt utan att behöva göra avkall på kvalitet eller budget.
Full transparens: Labbrapporter & kvalitetssäkring
Cannabislight strävar efter att upprätthålla fullständig transparens gentemot sina kunder. För att säkerställa kvalitet och renhet tillhandahåller de labbrapporter för varje produkt som skickas. Dessa rapporter ger detaljerad information om produkternas innehåll och kvalitet, vilket ger kunderna fullständig sinnesfrid och försäkran om att de får en äkta och högkvalitativ produkt varje gång de handlar hos Cannabislight.
Cannabislight: Förstklassiga CBD-olja extrakt med snabba leveranser & schyssta priser
Cannabislight sätter standarden för högkvalitativa CBD-produkter genom deras fokus på naturliga ingredienser, blixtsnabba leveranser, schyssta priser och fullständig transparens. För dem som söker en pålitlig leverantör av CBD-olja extrakt är Cannabislight det självklara valet. Med deras dedikation till kvalitet och kundnöjdhet kan kunder vara säkra på att de får produkter av högsta kvalitet till rimliga priser, levererade snabbt och med fullständig transparens och tillförlitlighet.",Vaken se,2024-04-25T00:00:00.000000,trafilatura,vaken.se,sweden,,
https://inyheter.no/01/03/2023/nordmenn-slar-hull-pa-sparegrisen/,Nordmenn slår hull på sparegrisen,,"Dagens statistikk fra SSB viser at Spareraten har falt betydelig i løpet av kort tid, og har ikke vært lavere siden 1999. Kredinor venter en økning av inkassosaker i tiden fremover.
– Gjennom hele pandemien var nordmenn flinke til å spare og mange husholdninger bygde opp en solid buffer. Nå har dette snudd helt. I fjerde kvartal 2022 har spareraten sunket til minus 7,3 prosent. Dette er en oppsiktsvekkende utvikling. Det kraftige fallet i spareraten skyldes nedgang i nordmenns disponible inntekt, samtidig som vi har opprettholdt forbruket vårt og prisene steg, sier Klaus-Anders Nysteen, administrerende direktør i Kredinor i en pressemelding.
Inkassoselskapet har allerede begynt å se de første faresignalene. Blant annet har inkasso til billån økt med 41 prosent i fjerde kvartal 2022 sammenliknet med året før.
– De mest bekymringsfulle tendensene finner vi i økning i inkassosaker for billån. Dette er lån som folk normalt strekker seg langt for å betale. Derfor er økning innenfor disse kategoriene spesielt bekymringsfull og et kraftig varsko for norsk økonomi, sier Nysteen.
I starten av pandemien økte sparingen til 19,3 prosent av disponibel inntekt. Ifølge dagens statistikk fra SSB ligger den nå på minus 7,3 prosent, noe som er den laveste spareraten siden 1999, da statistikken ble innført.
Det er større usikkerhet rundt tallene for sparing i 4. kvartal enn normalt. Deler av dette kan forklares med høye bilkjøp for å unngå avgiftsøkningen som gjelder fra og med januar 2023. Sett bort fra bidraget fra bilkjøpene, er spareraten beregnet til –3,3 prosent i 4. kvartal. Tar man utgangspunkt i det siste tallet, må man tilbake til 2006 for å finne svakere spareratetall.
– Basert på utviklingen vi ser i norsk økonomi, forventer vi en økning i inkassogjeld i 2023 for alle bransjer, sier Nysteen.
Nordmenn sliter med å betale for seg: – Det er bekymringsfullt",Olav Kvilhaug,2023-03-01T00:00:00.000000,trafilatura,inyheter.no,norway,,
https://samtiden.nu/2019/09/lofvens-regeringsforklaring-mer-av-samma/,Löfvens regeringsförklaring: mer av samma - Samtiden,"”Sömning”, ”Svårt att hålla mig vaken”. Kritik från höger till vänster om talet. Det var många ord men färre konkreta besked. Många har beskrivit statsminister Stefan Löfvens regeringsförklaring som han presenterade i riksdagen på tisdagseftermiddagen som vag, svag och utan några tydliga svar på de största problemen som Sverige har. Löfven nämnde exempelvis inte de […]","”Sömning”, ”Svårt att hålla mig vaken”. Kritik från höger till vänster om talet. Det var många ord men färre konkreta besked.
Många har beskrivit statsminister Stefan Löfvens regeringsförklaring som han presenterade i riksdagen på tisdagseftermiddagen som vag, svag och utan några tydliga svar på de största problemen som Sverige har.
Löfven nämnde exempelvis inte de allt fler kommuner som går på knäna och närmar sig bankrutt.
Och till en av få konkreta besked från regeringen är att värnskatten för de som tjänar över 60.000 kr/mån ska avskaffas vid årsskiftet. Det minskar statens inkomster med sex miljarder kronor.
– Det är fel prioritering att avskaffa värnskatten. Ska vi sänka skatterna ska vi göra det för dem som har vanliga inkomster, säger Jimmie Åkesson (SD) i en kommentar till SVT Forum.
Utan fokus på akuta frågor
Löfven nämnde som sagt inte välfärdskrisen ute i kommunerna. Det var heller inget fokus på infrastrukturen, utan bara nämnande av några enskildheter utan konkreta löften.
Våldet och kriminaliteten nämndes också mer i förbigående. Ingen kraft, ingen energi och inget nytänkande i att ta itu med de akuta problemen.
Servicekontor till C-kommuner
Ett konkret besked var att fyra servicekontor ska inrättas i Åsele, Storuman, Vansbro och Torsby. Som av en slump är det kommuner där Centerpartiet har stort väljarstöd.",Dick Erixon,2019-09-10T00:00:00.000000,trafilatura,samtiden.nu,sweden,,
